{
  "kind": "collectionType",
  "collectionName": "items",
  "info": {
    "singularName": "item",
    "pluralName": "items",
    "displayName": "Item",
    "description": ""
  },
  "options": {
    "draftAndPublish": true
  },
  "pluginOptions": {},
  "attributes": {
    "name": {
      "type": "string",
      "required": true,
      "unique": true
    },
    "shortDescription": {
      "type": "richtext"
    },
    "longDescription": {
      "type": "richtext"
    },
    "price": {
      "type": "decimal",
      "required": true
    },
    "image": {
      "type": "media",
      "multiple": false,
      "required": true,
      "allowedTypes": [
        "images",
        "files",
        "videos",
        "audios"
      ]
    },
    "category": {
      "type": "enumeration",
      "enum": [
        "newArrivals",
        "bestSellers",
        "topRated"
      ]
    }
  }
}
